№;Название;Страна;Широта;Долгота;Адрес;Холдинг;Что производит;Статус
1;Баимский ГОК;РФ;68.0;166.0;Чукотский АО, г. Билибино, ул. Курчатова, 6;—;Медь;Никогда
2;Тырныаузский ГОК;РФ;43.3939;42.9172;Кабардино-Балкарская Респ., г. Тырныауз, Эльбрусский пр-кт, д. 19;—;Вольфрам;Никогда
3;Сусуманзолото;РФ;62.7833;148.1533;Магаданская обл., г. Магадан, пр-кт Карла Маркса, д. 19/17;—;Золото;Никогда
4;Михайловский ГОК;РФ;52.3387;35.3629;Курская обл., г. Железногорск, ул. Ленина, д. 21;Металлинвест ;Железная руда;Никогда
5;Лебединский ГОК;РФ;51.2616;37.6546;Белгородская обл., г. Губкин, промзона, промплощадка ЛГОКа;ЛГОК ;Железная руда ;Никогда
6;Стойленский ГОК;РФ;51.2976;37.8415;Белгородская обл., г. Старый Оскол, площадка Фабричная, пр-д-4;Стойленский;Железная руда ;Никогда
7;Ковдогский ГОК;РФ;67.5667;30.4833;Мурманская обл., г. Ковдор, ул. Сухачева, д. 5;—;Железная руда ;Никогда
8;Качканарский ГОК;РФ;58.7048;59.4824;Свердловская обл., г. Качканар, ул. Свердлова, д. 2;Евраз ;Железная руда ;Никогда
9;Костомукшский ГОК;РФ;64.5833;30.июн;Республика Карелия, г. Костомукша;Северсталь ;Железная руда ;Никогда
10;Золото Якутии;РФ;62.0;127.0;Республика Саха (Якутия);—;Золото ;Никогда
11;Высокогорский ГОК;РФ;57.9052;59.9645;Свердловская обл., г. Нижний Тагил, ул. Фрунзе, д. 17;НПРО «Урал» ;Железная руда, концентрат, агломерат, известняк, дунит, щебень ;Никогда
12;Оленегорский ГОК;РФ;68.1395;33.2727;Мурманская обл., г. Оленегорск, пр-кт Ленинградский, д. 2;—;Железная руда ;Никогда
13;Быстринский ГОК;РФ;52.0;117.0;Забайкальский край, г. Чита, ул. Шилова, д. 99Г;—;Магнетитовый, медный, золотосодержащий концентраты ;Никогда
14;Коршуновский ГОК;РФ;56.5844;104.0878;Иркутская обл., г. Железногорск-Илимский, ул. Иващенко, д. 9А/1;—;Железная руда ;Никогда
15;Туганский ГОК;РФ;56.4;85.2;Томская обл., Томский р-н, с. Октябрьское, ул. Заводская, д. 100;—;Ильменитовый, лейкоксеновый, цирконовый концентраты, кварцевые пески ;Никогда
16;Гайский ГОК;РФ;51.4667;58.45;Оренбургская обл., г. Гай, ул. Промышленная, д. 1;—;Медный, цинковый концентраты ;Никогда
17;Сорский ГОК;РФ;54.0;90.0;Республика Хакасия, г. Сорск, тер. Промплощадка;—;Медный и молибденовый концентраты ;Никогда
18;Янгелевский ГОК;РФ;56.8;104.1;Иркутская обл., г. Иркутск, ул. Ангарская, стр. 16;—;Кварцевый песок ;Никогда
19;Ловозерский ГОК;РФ;67.9372;34.5647;Мурманская обл., Ловозерский р-н, пгт Ревда, ул. Комсомольская, д. 23;—;Натрий, калий, рубидий, цезий и их соединения ;Никогда
20;Уральский асбестовый ГОК;РФ;57.0;61.45;Свердловская обл., г. Асбест, ул. Уральская, д. 66;—;Хризотил ;Никогда
21;Айхальский ГОК;РФ;65.9336;111.4833;Республика Саха (Якутия), Мирнинский р-н, п. Айхал, ул. Корнилова, д. 3;—;Алмазы ;Никогда
22;Балашейский ГОК;РФ;53.2813;48.0897;Самарская обл., Сызранский р-н, пгт Балашейка;—;Кварцевые пески, стекольные пески ;Никогда
23;Гаринский ГОК;РФ;52.5810;129.1267;Амурская обл., Мазановский р-н;—;Железная руда ;Никогда
24;Бурибаевский ГОК;РФ;51.9667;58.15;Республика Башкортостан, Хайбуллинский р-н, с. Бурибай, ул. Горького, д. 49;—;Медь ;Никогда
25;Вишневогорский ГОК;РФ;55.9875;60.6486;Челябинская обл., Каслинский р-н, пгт Вишневогорск, ул. Ленина, д. 61;—;Ниобиевые, циркониевые, титановые, полешпатовые концентраты ;Никогда
26;Горевский ГОК;РФ;58.1167;93.1167;Красноярский край, Мотыгинский р-н, п. Новоангарск, ул. Набережная, д. 5;—;Свинцовый и цинковый концентраты ;Никогда
27;Жирекенский ГОК;РФ;52.85;117.35;Забайкальский край, Чернышевский р-н, пгт Жирекен;—;Концентрат меди, ферромолибден ;Никогда
28;Киембаевский ГОК;РФ;50.8836;59.9321;Оренбургская обл., г. Ясный, ул. Ленина, д. 7;—;Хризотил, щебень ;Никогда
29;Кимкано-Сутарский ГОК;РФ;48.7833;132.9333;Еврейская АО, г. Биробиджан, пр-кт 60-летия СССР, д. 22Б;—;Железорудный концентрат ;Никогда
30;Кичигинский ГОК;РФ;54.5004;61.2654;Челябинская обл., Увельский р-н;—;Формовочный песок, сухие строительные смеси ;Никогда
31;Миллеровский ГОК;РФ;48.9297;40.4147;Ростовская обл., г. Миллерово, ул. 3 Интернационала, д. 105;—;Кварцевые пески, глинопорошок, шамот ;Никогда
32;Кыштымский ГОК;РФ;55.7060;60.5559;Челябинская обл., г. Кыштым;—;Кварцевые концентраты ;Никогда
33;Томинский ГОК;РФ;54.8;61.2;Челябинская обл., с. Томинское;—;Медный концентрат ;Никогда
34;Михеевский ГОК;РФ;54.2;61.2;Челябинская обл., п. Красноармейский;—;Концентрат меди ;Никогда
35;Мирнинско-Нюрбинский ГОК;РФ;62.5333;113.9667;Республика Саха (Якутия), г. Мирный;—;Алмазы ;Никогда
36;Новоангарский ГОК;РФ;58.1167;93.1167;Красноярский край, п. Новоангарск;—;Свинцовый и цинковый концентраты ;Никогда
37;Новоорловский ГОК;РФ;51.0333;116.3;Забайкальский край, пгт Новоорловск;—;Вольфрам ;Никогда
38;Олёкминский ГОК;РФ;56.0;122.0;Республика Саха (Якутия), с. Олекма;—;Ильменитовый, титаномагнетитовый концентраты ;Никогда
39;Солнечный ГОК;РФ;50.7167;136.6333;Хабаровский край, п. Солнечный;—;Концентрат олова ;Никогда
40;Удачнинский ГОК;РФ;66.4;112.3167;Республика Саха (Якутия), г. Мирный;—;Алмазы ;Никогда
41;Урупский ГОК;РФ;44.2;41.1;Карачаево-Черкесская Респ., п. Медногорский;—;Медный концентрат ;Никогда
42;Учалинский ГОК;РФ;54.3167;59.3833;Республика Башкортостан, г. Учалы;—;Медный, цинковый концентраты ;Никогда
43;ГОК Олений ручей;РФ;67.6;33.6;Мурманская обл., г. Кировск;Группа Акрон ;Апатитовый концентрат ;Никогда
44;Байкало-Амурская горнорудная корпорация;РФ;55.0;124.0;Амурская обл., Тындинский р-н;—;Титаномагнетитовые руды ;Никогда
45;Комбинат «Пионер»;РФ;53.7;126.0;Амурская обл., с. Тыгда;—;Золото ;Никогда
46;Дальнегорский ГОК;РФ;44.55;135.5667;Приморский край, г. Дальнегорск;—;Боросодержащая продукция ;Никогда
47;Березовский рудник;РФ;56.9;60.8;Свердловская обл., г. Березовский;—;Золото-серебросодержащие сульфидные руды ;Никогда
48;Норильский комбинат;РФ;69.3333;88.2167;Красноярский край, г. Норильск;—;Медно-никелевые руды ;Никогда
49;АО «Прииск Соловьёвский»;РФ;51.0;126.0;Амурская обл., с. Соловьевск;—;Золото ;Никогда
50;«Эльконский ГМК»;РФ;56.8;124.3;Республика Саха (Якутия), п. Каменномостский;—;Минеральный порошок ;Никогда
51;ЕвроХим-ВолгаКалий;РФ;47.6333;43.1333;Волгоградская обл., г. Котельниково;Еврохим ;Калийная руда ;Никогда
52;Ковдорский ГОК;РФ;67.5667;30.4833;Мурманская обл., г. Ковдор;—;Магнетит-апатит-бадделеитовые руды ;Никогда
53;Пуровский ЗПК;РФ;64.9167;77.7667;Ямало-Ненецкий АО, г. Тарко-Сале;НОВАТЭК ;Природный газ и газовый конденсат ;Никогда
54;АО «Олкон»;РФ;68.1395;33.2727;Мурманская обл., г. Оленегорск;—;Железорудное сырье ;Никогда
55;Яковлевский ГОК;РФ;51.0167;37.4333;Белгородская обл., п. Яковлево;Северсталь ;Железная руда ;Никогда
56;Бурятзолото;РФ;51.8333;107.6;Республика Бурятия, г. Улан-Удэ;—;Золото ;Никогда
57;Мангазея Золото;РФ;52.0;117.0;Забайкальский край, г. Чита;—;Золото ;Никогда
58;Янглевский ГОК;РФ;56.8;104.1;Иркутская обл., р.п. Янгель;—;Кварцевый песок ;Никогда
59;Карельский окатыш;РФ;64.5833;30.июн;Республика Карелия, г. Костомукша;—;Железорудное сырье ;Никогда
60;Евразруда;РФ;52.7833;87.8667;Кемеровская обл., г. Таштагол;Евраз Груп ;Железная руда ;Никогда
61;ООО «ГРК «Быстринское»;РФ;52.0;117.0;Забайкальский край, г. Чита;—;Медный, магнетитовый, золотосодержащий концентраты ;Никогда
62;Жипхегенский щебеночный завод (ЖЩЗ);РФ;51.2;112.0;Забайкальский край, п. Жипхеген;—;Гранитный щебень ;Никогда
63;Раменский ГОК (РГОК);РФ;55.55;38.2;Московская обл., с. Еганово;—;Кварциты, кварцевая мука, песок ;Никогда
64;Quarzwerke Russia;РФ;54.3167;48.4;г. Ульяновск;—;Кварцевый песок ;Никогда
65;ГОК Наседкино;РФ;54.0;88.0;Кемеровская обл., с. Широкая;—;Золотоносная руда, золото ;Никогда
66;Торговый дом Бест Гранит;РФ;56.8;60.6;г. Екатеринбург;—;Щебень ;Никогда
67;Северский гранитный карьер;РФ;56.8;60.6;г. Екатеринбург;—;Щебень ;Никогда
68;АЛРОСА;РФ;62.5333;113.9667;Республика Саха (Якутия), г. Мирный;—;Алмазы ;Никогда
69;Апатит;РФ;55.75;37.6;г. Москва;—;Руда ;Никогда
70;Студеновская акционерная горнодобывающая компания (Стагдок);РФ;52.8;39.0;Липецкая обл., с. Ильино;—;Флюсовые известняки ;Никогда
71;Комбинат КМАруда;РФ;51.2833;37.55;Белгородская обл., г. Губкин;—;Коксующийся уголь, железная руда, чугун ;Никогда
72;Кварц;РФ;54.3167;48.4;Ульяновская обл., рп Силикатный;—;Кварц ;Никогда
73;Полярный кварц;РФ;62.1333;65.3833;ХМАО-Югра, г. Нягань;—;Кварц ;Никогда
74;Сибирцевский щебеночный завод;РФ;44.2;132.3;Приморский край, п. Сибирцево;—;Щебень ;Никогда
75;Балахнинский горно-обогатительный комбинат (Балкум);РФ;56.45;43.6;Нижегородская обл., Балахнинский р-н, рп Гидроторф;—;Формовочный, стекольный песок ;Никогда
76;Ключевская обогатительная фабрика (КОФ);РФ;56.5;60.65;Свердловская обл., п. Двуреченск;—;Ферросплавы, лигатуры ;Никогда
77;ООО «Кварцевые пески»;РФ;54.0;37.0;Тульская обл., д. Березовый Овраг;—;Формовочный, кварцевый, стекольный песок ;Никогда
78;Уралграфит;РФ;55.7060;60.5559;Челябинская обл., г. Кыштым;—;Графит ;Никогда
79;Режникель;РФ;57.3667;61.3833;Свердловская обл., г. Реж;—;Никелевые руды ;Никогда
81;Таштагольский ГОК;РФ;52.7833;87.8667;Кемеровская обл., г. Таштагол;—;Железная руда ;Никогда
82;Кимканский ГОК;РФ;49.0;132.0;Еврейская АО, с. Кимкан;—;Железорудный концентрат ;Никогда
83;Сибайский ГОК;РФ;52.7;58.65;Республика Башкортостан, г. Сибай;—;Медный, цинковый концентраты ;Никогда
84;Удоканский ГОК;РФ;56.0;118.0;Забайкальский край, Каларский р-н;—;Медный концентрат ;Никогда
85;Южуралникель;РФ;51.2;58.6167;Оренбургская обл., г. Орск;—;Никелевый концентрат ;Никогда
86;ГМК «Дальполиметалл»;РФ;44.55;135.5667;Приморский край, г. Дальнегорск;—;Свинцовый, цинковый концентраты ;Никогда
87;Кольский Апатит;РФ;67.6;33.6;Мурманская обл., г. Кировск;—;Апатитовый, нефелиновый концентраты ;Никогда
88;Восточно-Сибирский ГОК;РФ;52.75;103.65;Иркутская обл., г. Усолье-Сибирское;—;Апатит-штаффелитовый концентрат ;Никогда
89;Холбинский ГОК;РФ;52.0;111.0;Республика Бурятия, п. Городок;—;Золотосодержащая руда ;Никогда
90;Соврудник;РФ;49.0;140.0;Хабаровский край, г. Советская Гавань;—;Золотосодержащая руда ;Никогда
91;Каральвеемский ГОК;РФ;67.0;174.0;Чукотский АО;—;Золотосодержащая руда ;Никогда
92;Многовершинный ГОК;РФ;50.0;140.0;Хабаровский край, п. Многовершинный;—;Золотосодержащая руда ;Никогда
93;Нежданинский ГОК;РФ;62.0;138.0;Республика Саха (Якутия);—;Золотосодержащая руда ;Никогда
94;Мирнинский ГОК;РФ;62.5333;113.9667;Республика Саха (Якутия), г. Мирный;—;Алмазы ;Никогда
95;Архангельский ГОК;РФ;65.25;41.0;Архангельская обл., п. Новый;—;Алмазы ;Никогда
96;Тельмановский ГОК;РФ;53.0;84.0;Алтайский край, п. Тельмана;—;Магнезит ;Никогда
97;Соликамский магниевый завод;РФ;59.6333;56.7667;Пермский край, г. Соликамск;—;Магний, титановый шлак ;Никогда
98;Ярегский нефтетитановый комбинат;РФ;63.4167;53.4167;Республика Коми, п. Ярега;—;Титановая руда, нефть ;Никогда
99;Кольская ГМК;РФ;67.9333;32.8167;Мурманская обл., г. Мончегорск;—;Медь, никель, кобальт ;Никогда
100;Приаргунское ПХГКО;РФ;50.1;118.0;Забайкальский край, г. Краснокаменск;—;Уран ;Никогда
101;Хиагдинское ППГХО;РФ;53.0;113.0;Республика Бурятия, п. Багдарин;—;Уран ;Никогда
102;Дальневосточный ГОК «Солнечный»;РФ;50.7167;136.6333;Хабаровский край, г. Солнечный;—;Оловянный концентрат ;Никогда
103;Эльконский ГОК;РФ;56.8;124.3;Республика Саха (Якутия);—;Уран ;Никогда
104;ОАО «Беларуськалий»;Беларусь;53.8833;27.55;г. Минск;—;Калийные (сильвинитовые) соли ;Никогда
105;ОАО «Белорусский цементный завод»;Беларусь;53.3369;32.0553;Могилёвская обл., г. Костюковичи;—;Мергель и мел ;Никогда
106;ОАО «Красносельскстройматериалы»;Беларусь;53.2708;24.4292;Гродненская обл., Волковысский р-н, п. Красносельский;—;Мел и мергель ;Никогда
107;ОАО «Доломит»;Беларусь;55.1833;30.2;г. Витебск;—;Доломитовая порода ;Никогда
108;ОАО «Гранит»;Беларусь;52.2167;27.4833;Брестская обл., п. Микашевичи;—;Гранит ;Никогда
109;РУПП «Гранит»;Беларусь;53.6;24.5167;Гродненская обл., г. Щучин;—;ПГС, песок, гравий ;Никогда
110;Нежинский ГОК;Беларусь;52.7;28.0;Минская обл., Любанский р-н;ОАО «Беларуськалий» ;Калийная руда ;Никогда
111;Петриковский ГОК;Беларусь;52.1333;28.май;г. Солигорск;ОАО «Беларуськалий» ;Хлористый калий ;Никогда
112;Гомельский ГОК;Беларусь;52.4333;31.0;Гомельская обл., аг. Круговец-Калинино;—;Кварц, стекольный песок ;Никогда
113;Васильковский ГОК;Казахстан;49.9833;82.6;г. Усть-Каменогорск;—;Золото (99,99 %) ;Никогда
114;Донской ГОК;Казахстан;50.2834;57.2299;г. Актобе;—;Хромовые концентраты ;Никогда
115;Жайремский ГОК;Казахстан;47.95;74.0;Карагандинская обл., пгт Жайрем;—;Концентраты марганца, барита, цинка, свинца ;Никогда
116;Соколовско-Сарбайское ГОПО;Казахстан;52.95;63.1167;Костанайская обл., г. Рудный;—;Железная руда ;Никогда
117;Лисаковский ГОК;Казахстан;52.5333;62.5;Костанайская обл., г. Лисаковск;—;Сырая руда, рудный концентрат ;Никогда
118;Нурказганский ГОК;Казахстан;49.6333;73.3;Карагандинская обл., Бухар-Жырауский р-н;—;Меднорудное сырье ;Никогда
119;Карагайлинский ГОК;Казахстан;49.65;73.4;Карагандинская обл., п. Карагайлы;—;Полиметаллическое сырье ;Никогда
120;Обуховский ГОК;Казахстан;53.0;69.0;Северо-Казахстанская обл., Тайыншинский р-н;—;Титано-циркониевые руды ;Никогда
121;Северный ГОК;Украина;47.9;33.35;Днепропетровская обл., г. Кривой Рог;—;Железорудный концентрат, окатыши ;Никогда
122;Марганецкий ГОК;Украина;47.6333;34.6167;Днепропетровская обл., г. Марганец;—;Концентраты марганцевой руды ;Никогда
123;Просянский ГОК;Украина;48.1167;33.2167;Днепропетровская обл., пгт Просяная;—;Каолин, пески кварцевые ;Никогда
124;Полтавский ГОК;Украина;49.0;33.6667;г. Горишние Плавни;—;Железорудные окатыши ;Никогда
125;Новоселовский ГОК;Украина;49.5667;36.65;Харьковская обл., с. Новоселовка;—;Песок кварцевый ;Никогда
126;ПАО «Ингулецкий ГОК» (ИнГОК);Украина;47.6833;33.1333;Днепропетровская обл., г. Кривой Рог;—;Железная руда ;Никогда
127;ПАО «Центральный ГОК» (ЦГОК);Украина;47.95;33.3833;Днепропетровская обл., г. Кривой Рог;—;Железная руда ;Никогда
128;ПАО «Южный ГОК» (ЮГОК);Украина;47.8667;33.3333;Днепропетровская обл., г. Кривой Рог;—;Железная руда ;Никогда
129;ПАО «Новокриворожский ГОК» (НКГОК);Украина;47.9833;33.4167;Днепропетровская обл., г. Кривой Рог;—;Железная руда ;Никогда
130;ПАО «Днепровский ГОК» (ДнепрГОК);Украина;48.5167;34.6;г. Каменское;—;Железная руда ;Никогда
131;ПАО «Орджоникидзевский ГОК» (ОрджГОК);Украина;47.6667;34.25;Днепропетровская обл., г. Покров;—;Марганцевая руда ;Никогда
132;ПАО «Иршанский ГОК»;Украина;50.7333;28.8333;Житомирская обл., пгт Иршанск;—;Ильменитовые руды ;Никогда
133;ПАО «Вольногорский ГМК» (ВГМК);Украина;48.45;34.0167;Днепропетровская обл., г. Вольногорск;—;Циркон-ильменитовые руды ;Никогда
134;Николаевский глиноземный завод (НГЗ);Украина;46.9667;32.0;г. Николаев;—;Глинозем ;Никогда
135;ЗАО «Лафарж Цемент» (Lafarge Ciment);Молдова;47.0167;28.8333;г. Криково;—;Мергель и глина ;Никогда
136;ООО «Гипс-Кнауф Молдова» (Knauf);Молдова;46.8333;29.4833;г. Бендеры;—;Гипсовый камень ;Никогда
137;Зангезурский медно-молибденовый комбинат;Армения;39.15;46.15;Сюникская обл., г. Каджаран;—;Молибденовый и медный концентраты ;Никогда
138;Агаракский медно-молибденовый комбинат (АММК);Армения;38.8667;46.2;Сюникская обл., г. Агарак;—;Медная и молибденовая руда ;Никогда
139;ГОК «Меградзор»;Армения;40.6;44.65;Котайкская обл., пос. Меградзор;Полиметалл ;Золотосодержащая руда ;Никогда
140;Золоторудное месторождение «Сотка»;Армения;40.1667;45.8333;Гегаркуникская обл., с. Сотк;—;Золотосодержащая руда ;Никогда
141;Капанский ГОК (ЗАО “Капанский ГOK”);Армения;39.2;46.4;Сюникская обл., г. Капан;—;Полиметаллические руды ;Никогда
142;Човдарский золоторудный комбинат (ГОК);Азербайджан;40.5333;45.8;Кедабекский р-н, с. Човдар;—;Золотосодержащая руда ;Никогда
143;Гызылбулагский золоторудный комбинат (ГОК);Азербайджан;40.5667;45.8167;Кедабекский р-н, с. Гызылбулаг;—;Золотосодержащая руда ;Никогда
144;Кедабекский медно-золотой комбинат;Азербайджан;40.5667;45.8167;г. Кедабек;—;Медная и золотосодержащая руда ;Никогда
145;Дашкесанский ГОК (железорудный);Азербайджан;40.4833;46.0667;г. Дашкесан;—;Железная руда ;Никогда
146;Зайликский медно-кобальтовый комбинат;Азербайджан;40.5;46.0;Дашкесанский р-н, с. Зайлык;—;Медно-кобальтовая руда ;Никогда
147;Гарлыкский ГОК;Туркменистан;37.8;66.2;Лебапский велаят, г. Гарлык;—;Калийные соли ;Никогда
148;Таджикский алюминиевый завод (ТАЛКО);Таджикистан;37.5;68.2333;г. Турсунзаде;—;Бокситы и нефелиновые сиениты ;Никогда
149;Золоторудное месторождение «Джеруй»;Таджикистан;39.5;67.6;Согдийская обл., г. Пенджикент;—;Золото ;Никогда
150;Золоторудный комбинат «Апрелевка»;Таджикистан;40.6;69.6667;г. Истиклол;—;Золотосодержащая руда ;Никогда
151;Серебряный рудник «Кончоч»;Таджикистан;39.5;68.0;Согдийская обл.;—;Серебро, золото, свинец, цинк ;Никогда
152;Свинцово-цинковый рудник «Алтын-Топкан»;Таджикистан;40.65;69.6667;пос. Алтын-Топкан;—;Свинец, цинк, висмут, кадмий ;Никогда
153;Адрасманский ГОК;Таджикистан;40.6333;69.9833;Согдийская обл., пос. Адрасман;—;Свинцово-цинковый, висмутовый концентраты ;Никогда
154;ООО СП «Зарафшон»;Таджикистан;39.5;67.6;Пенджекентский р-н, пос. Согдиана;—;Золото ;Никогда
155;Алмалыкский ГМК (АГМК);Узбекистан;40.8307;69.6007;Ташкентская обл., г. Алмалык;—;Медь, золото, серебро, цинк ;Никогда
156;Навоийский ГМК (НГМК);Узбекистан;40.0833;65.3833;г. Навои;—;Золото ;Никогда
157;Акташское ГМП (проект «Актау»);Узбекистан;40.7333;69.0;Ташкентская обл., г. Акташ;—;Вольфрам, молибден, медь ;Никогда
158;Нурабадский горно-химический комплекс;Узбекистан;40.5333;65.8333;Нурабадский р-н;—;Уран ;Никогда
159;Золоторудное месторождение «Кумтор» (Kumtor Gold Mine);Кыргызстан;41.85;78.2;Иссык-Кульская обл.;—;Золото ;Никогда
160;Золоторудное месторождение «Джеруй» (Jerooy);Кыргызстан;42.5;71.0;Таласская обл.;—;Золото и медь ;Никогда
161;Макмалзолото (Макмальское месторождение);Кыргызстан;41.4;71.7;Джалал-Абадская обл., Чаткальский р-н;—;Золото ;Никогда
162;«Кадамджайский сурьмяный комбинат»;Кыргызстан;40.25;71.5833;Баткенская обл., г. Кадамжай;—;Сурьмяные руды ;Никогда
163;Chaarat Gold;Кыргызстан;—;—;Лондон, Великобритания;—;Золото, медь и серебро ;Никогда
